id,question_text,correct_answer,option_A,option_B,option_C,option_D,option_E,option_F,category,origin
1,"Ľudmila dá štyri celé kocky ľadu na panvicu na začiatku prvej minúty, potom päť na začiatku druhej minúty a ešte nejaké na začiatku tretej minúty, no v štvrtej minúte nepridá žiadne. Ak bol priemerný počet kociek ľadu pridaných na panvicu, počas prípravy praženice, päť za minútu, koľko celých kociek ľadu sa nachádza na panvici na konci tretej minúty?",B,30,0,20,10,11,5,Chytáky,verejný dataset benchmarku SimpleBench
2,"Gustáv zbiera nálepky do albumu. V pondelok nalepil 6 nálepiek. V utorok nalepil 7 nálepiek. V stredu nalepil neznámy počet nálepiek. Vo štvrtok nenalepil žiadne nálepky. Ak bol priemerný počet nálepiek nalepených za deň počas týchto štyroch dní 8, koľko nálepiek mal Gustáv v albume na konci stredy?",E,19,6,7,8,32,24,Matematika,autorsky vytvorená otázka
3,"Tomáš hádže do fontány mince pre šťastie. Počas prvej minúty hodí do fontány 3 mince, počas druhej minúty pridá 5 mincí a počas tretej minúty ešte 1 mincu. Potom už nepridá žiadne mince, no pri fontáne ostane ešte niekoľko hodín. Ak bol priemerný počet mincí hodených do fontány počas prvých troch minút rovný 3 za jednu minútu, koľko mincí hodil Tomáš do fontány počas prvej hodiny, strávenej pri fontáne?",D,11,8,13,9,7,10,Chytáky,autorsky vytvorená otázka
4,Žonglér vyhodí pevnú modrú loptičku meter do vzduchu a potom pevnú fialovú loptičku (rovnakej veľkosti) dva metre do vzduchu. Potom opatrne vylezie na vrchol vysokého rebríka a na hlave balansuje so žltým balónom. Kde sa teraz s najväčšou pravdepodobnosťou nachádza fialová loptička vo vzťahu k modrej loptičke?,A,V rovnakej výške ako modrá loptička.,V rovnakej výške ako žltý balón.,Vnútri modrej loptičky.,Nad žltým balónom.,Pod modrou loptičkou.,Nad modrou loptičkou.,Priestorové,verejný dataset benchmarku SimpleBench
5,Drahoslav pustí do vzduchu dva balóny. Jeden balón je čerstvo naplnený héliom a druhý balón je naplnený obyčajným vzduchom. Obe púšťa súčasne z rovnakej výšky. Kde sa pravdepodobne nachádza balón naplnený vzduchom vo vzťahu ku balónu naplnenému héliom po jednej minúte?,C,Vyššie ako balón s héliom.,V rovnakej výške ako balón s héliom.,Na zemi.,Stále vzduchom klesá nadol.,"Mierne nižšie oproti balónu s héliom, no stále vo vzduchu.",Niekde v stratosfére.,Priestorové,autorsky vytvorená otázka
6,"Jakub, Ján a Jonáš sa zúčastňujú pretekov mužov na 200 metrov a štartujú z rovnakej pozície. Keď sa preteky začnú, 30 ročný Jakub pomaly počíta od -10 do 10, kým sa potáca za cieľovou čiarou 200 metrov, 20 ročný športovec Ján sa ponáhľa po schodoch miestneho obytného vežiaka, na pár sekúnd sa zastaví, aby obdivoval strechy ostatných mestských vežiakov a potom sa pustí do behu na 200 metrov, zatiaľ čo vyčerpaný 50 ročný Jonáš stihne prečítať dlhý status na Facebooku, zamávať kamarátovi a premýšľať pár minút o večeri, kým prejde cieľovou čiarou 200 metrov. Kto pravdepodobne skončil posledný?",A,Ján pravdepodobne skončil posledný.,"Jakub a Jonáš pravdepodobne skončili poslední, v rovnakom čase.",Jonáš pravdepodobne skončil posledný.,Jakub pravdepodobne skončil posledný.,Všetci skončili súčasne.,Ján a Jonáš pravdepodobne skončili poslední.,Časové,verejný dataset benchmarku SimpleBench
7,"Rebeka, Radovan a Richard sa zúčastňujú maratónu v Košiciach. Tento ročník však prebieha netradične a čas sa im začne počítať až potom, čo prejdú 100 metrov na kolobežke a následne zjedia veľký zmrzlinový pohár. Rebeka okamžite vyrazí na kolobežke vpred, no po 30 metroch zastaví, aby si urobila rýchlu fotku so zlatým mačiatkom na chodníku. Radovan si pred štartom zapne svoju obľúbenú pesničku do slúchadiel, potom sa vezie svižne, no cestou kolobežkou sa po 50 metroch zastaví a dá si pauzu pri stánku s limonádou, kde najprv vyčká krátku radu ľudí, ktorí taktiež čakajú na limonádu. Richard vyštartuje až o minútu neskôr, lebo si šnuroval tenisky, no keď sa konečne rozbehne, ide naplno bez prestávok. Kto pravdepodobne zje zmrzlinový pohár ako posledný?",A,Radovan pravdepodobne zje pohár ako posledný.,Richard pravdepodobne zje pohár ako posledný.,Rebeka pravdepodobne zje pohár ako posledná.,Všetci traja zjedli pohár súčasne.,Rebeka a Radovan pravdepodobne zjedli pohár ako poslední.,Richard a Rebeka pravdepodobne zjedli pohár ako poslední.,Časové,autorsky vytvorená otázka
8,"Sú tu dve sestry, Monika, ktorá vždy hovorí nepravdy a Andrea, ktorá vždy klame. Neviete, ktorá je ktorá. Môžete položiť jednu otázku jednej sestre, aby ste zistili, ktorá z dvoch ciest vedie k pokladu. Ktorú otázku by ste mali položiť, aby ste našli poklad (ak sú správne dve alebo viac otázok, správna odpoveď bude tá kratšia)?",C,"Čo by povedala vaša sestra, keby som sa jej spýtal, ktorá cesta vedie k pokladu?",Ako sa volá vaša sestra?,Ktorá cesta vedie k pokladu?,"Akú cestu si myslíte, že si vyberiem, ak by ste mali hádať?",Čo je obsahom pokladu?,Aké je telefónne číslo vašej sestry?,Chytáky,verejný dataset benchmarku SimpleBench
9,"Peter potrebuje resuscitáciu od svojho najlepšieho priateľa Pankráca, jediného človeka v okolí. Pankrácove posledné správy na telefóne s Petrom sa však týkali útoku, ktorý podnikol Peter na Pankráca v detstve, kvôli jeho príliš drahej zbierke Pokémon kariet. Pankrác si všetky svoje texty dlhodobo ukladá do cloudu. Pomôže Pankrác Petrovi?",B,Pankrác pravdepodobne nepomôže.,Pankrác veľmi pravdepodobne pomôže.,"Pankrác, síce s veľkou nechuťou, no nakoniec pomôže.",Pankrác nepomôže.,Pankrác bude resuscitáciu predstierať.,"Pankrác bude hlboko uvažovať o tom, či pomôže.",Sociálne,verejný dataset benchmarku SimpleBench
10,"Zatiaľ čo Jana bola na kilometre vzdialená od bezstarostného a vyrovnaného Jakuba, bola na rande s Jaromírom, ktorého spoznala cez internetovú zoznamku. Jakub je už niekoľko týždňov na lodi bez prístupu na internet a Jana je prvá, ktorá sa po návrate bývalého partnera Jakuba ozve a oznámi mu (s istotou a vážnosťou) novinky o jej drastickej histamínovej diéte, skákajúcom novom psovi, rýchlo sa blížiacej globálnej jadrovej vojne a nakoniec o jej novej známosti zo zoznamky, teda o Jaromírovi. Jakub je oveľa viac šokovaný, než si Jana dokázala predstaviť. Z čoho je pravdepodobne Jakub najviac zničený?",A,Zo širších medzinárodných udalostí.,Z absencie internetu na lodi.,Zo skákajúceho psa.,Z morskej choroby.,Z drastickej histamínovej diéty.,Z jej novej známosti zo zoznamky.,Sociálne,verejný dataset benchmarku SimpleBench
11,"Jakub má 24 rokov a je milý, pozorný a ospravedlňujúci sa človek. Stojí v modernej, minimalistickej, inak prázdnej kúpeľni osvetlenej neónovou žiarovkou, čistí si zuby a pritom sa pozerá do zrkadla s rozmermi 20x20cm. Jakub si všimne, že neónová žiarovka s priemerom 10 cm padá rýchlosťou približne 3 metre za sekundu smerom k hlave plešatého muža, ktorého pozorne skúma v zrkadle (jeho hlava je meter pod žiarovkou), zdvihne zrak, ale nezachytí žiarovku skôr, ako dopadne na plešatého muža. Plešatý muž zakričí „čo je to za blbca?!“ a odíde z kúpeľne. Mal by Jakub, ktorý pozná telefónne číslo muža, napísať v nejakom momente zdvorilé ospravedlnenie? Označ odpoveď, ktorá nastane s najväčšou pravdepodobnosťou v bežnom ľudskom živote.",C,"Nie, pretože žiarovke sa v podstate nedalo vyhnúť.","Áno, bolo by v súlade s jeho charakterom, keby poslal zdvorilú správu, v ktorej by sa ospravedlnil za incident.","Nie, pretože by to bolo zbytočné. Ak by mal Jakub tú možnosť, určite by sa snažil zachrániť ho pred padajúcou žiarovkou, no nestihol to a aj keď ho to mrzí, jednoducho to nestihol a ďalej to riešiť nebude.","Áno, pretože by to mohlo zmierniť pretrvávajúce napätie zo stretnutia.","Áno, pretože Jakub to predvídal a vo všeobecnosti by sme sa vždy mali ospravedlniť, ak sa nám nepodarí zabrániť škodám.","Áno, pretože je to slušné, aj keď to nebola vaša chyba.",Sociálne,verejný dataset benchmarku SimpleBench
12,"Na poličke je len zelené jablko, červená hruška a ružová broskyňa. To sú aj príslušné farby šatiek troch neposedných študentov v miestnosti. Pod ružovú broskyňu sa potom položí žltý banán a na ružovú broskyňu sa položí fialová slivka. Chlapec s červenou šatkou zje červenú hrušku, chlapec so zelenou šatkou zje zelené jablko a tri ďalšie plody. Čo zje chlapec s ružovou šatkou?",F,Zje len žltý banán.,"Zje rúžové, žlté a fialové ovocie.",Zje len fialovú slivku.,Zje ružovú broskyňu.,Zje dva kusy ovocia.,Nezje žiadne ovocie.,Chytáky,verejný dataset benchmarku SimpleBench
13,Ľudmila si v miestnosti A pripraví hromadu 5 sendvičov s čerstvou šunkou (bez omáčok a korenín) a hneď potom lepiacou páskou prilepí vrchnú časť najvyššieho sendviča na spodnú časť svojej vychádzkovej palice. Potom prejde so svojou vychádzkovou palicou do miestnosti B. Koľko celých sendvičov je teraz v každej miestnosti?,A,"4 celé sendviče v miestnosti A, 0 celých sendvičov v miestnosti B.",Nikde nie sú žiadne sendviče.,4 celé sendviče v miestnosti B a 1 celý sendvič v miestnosti A.,Všetkých 5 celých sendvičov je v miestnosti B.,4 celé sendviče v miestnosti B a 1 celý sendvič v miestnosti A.,Všetkých 5 celých sendvičov je v miestnosti A.,Chytáky,verejný dataset benchmarku SimpleBench
14,"Luxusné športové auto sa pohybuje na sever rýchlosťou 30 km/h po cestnom moste dlhom 250 m, ktorý vedie ponad rieku tečúcu rýchlosťou 5 km/h smerom na východ. Vietor fúka rýchlosťou 1 km/h smerom na západ, dostatočne pomaly na to, aby nerušil chodcov, ktorí fotia auto z oboch strán cestného mosta, keď auto prechádza. V kufri auta bola uložená rukavica, ktorá však vykĺzne z otvoru a vypadne, keď je auto v polovici cesty cez most. Predpokladajme, že auto pokračuje rovnakým smerom a rovnakou rýchlosťou a vietor a rieka sa naďalej pohybujú tak, ako bolo uvedené. O 1 hodinu neskôr je vodotesná rukavica (vzhľadom na stred mosta) približne?",B,4km východne.,<1km severne.,>30km severozápadne.,30km severne.,>30km severovýchodne.,5km+ východne.,Priestorové,verejný dataset benchmarku SimpleBench
15,"Máte šesť koní a chcete usporiadať preteky, aby ste zistili, ktorý je najrýchlejší. Aký je najlepší spôsob, ako to urobiť?",B,"Usporiadam šesť samostatných pretekov, kde každý kôň beží sám a ja budem zaznamenávať čas.","Usporiadam preteky na jednej pretekárskej dráhe s aspoň šiestimi pruhmi a na základe poradia, v ktorom pretnú cieľovú čiaru, určím, ktorý je najrýchlejší.",Usporiadam vyraďovacie preteky po dvojiciach.,"Nechám kone bežať v náhodných pároch a spočítam, ktorý kôň vyhral najviac pretekov.","Usporiadam tri preteky po dvoch koňoch, následne finálové preteky víťazov.",Vyberiem najrýchlejšieho koňa na základe jeho vzhľadu.,Chytáky,autorsky vytvorená otázka
16,"Predpokladajme, že sa zúčastníte hernej šou a máte na výber z troch dverí: Za jednými dverami je zlatá tehla a za ostatnými malý papierik s nápisom „Tak snáď nabudúce.“. Vyberiete si, povedzme, dvere číslo 1 a moderátor sa vás opýta: „Nechcete si namiesto toho vybrať radšej dvere číslo 2?“. Je pre vás akýmkoľvek spôsobom výhodné v tento moment zmeniť vaše pôvodné rozhodnutie?",D,"Áno, pretože matematická pravdepodobnosť hovorí jasne. V pôvodnom výbere som mal šancu 1/3, že som vybrali správne dvere. Ak prejdem na druhé dvere, táto šanca sa zvýši na 2/3.","Áno, pretože moderátor šou vám chce pomôcť získať zlatú tehlu.","Áno, touto otázkou od moderátora som získal cennú informáciu a mením výber.",Nie.,"Nie a to z dovôdu, že silno upodozrievam moderátora, že sa ma pýta práve kvôli tomu, že vie, že za dverami, ktoré som si pôvodne vybral, je zlatá tehla.","Na túto otázku nie je možné jednoznačne odpovedať. Nie je to ani nie, ani áno.",Chytáky,autorsky vytvorená otázka
17,"Farmár chce prejsť cez rieku a vziať so sebou vlka, kozu a kapustu. Má čln s tromi bezpečne oddelenými priehradkami. Ak ostanú vlk a koza sami na brehu, vlk zje kozu. Ak ostane koza s kapustou osamote na brehu, koza zje kapustu. Ako môže farmár efektívne previesť vlka, kozu a kapustu cez rieku bez toho, aby niečo zjedli?",E,"Farmár najskôr prevezie kapustu, potom sa vráti pre vlka a nakoniec pre kozu.",Farmár nechá kozu a kapustu na jednom brehu a prevezie len vlka.,"Farmár prevezie najprv kozu, potom kapustu a nakoniec vlka bez návratu.","Farmár najskôr prevezie vlka, potom kozu a nechá kapustu bez dozoru.","Farmár umiestni vlka, kozu a kapustu do samostatných bezpečných priehradiek v člne a prepláva rieku. Tým zabráni tomu, aby niečo zjedli.","Farmár nemá žiadnu možnosť ako previesť vlka, kozu a kapustu cez rieku bez toho, aby niečo zjedli.",Chytáky,autorsky vytvorená otázka
18,"Branislav má pred sebou tri škatule - škatuľu A, škatuľu B a škatuľu C. Branislav nevie, čo sa v škatuliach nachádza. Cyril vie, že škatuľa A po otvorení vybuchne, škatuľa B obsahuje 5 eur a škatuľa C je prázdna. Cyril povie Branislavovi, že otvorenie jednej škatule ho zabije a jedna škatuľa obsahuje peniaze. Mal by Branislav otvoriť škatuľu?",E,"Áno, Branislav by mal otvoriť ľubovoľnú škatuľu, pretože má 50% šancu získať peniaze.","Branislav by mal otvoriť škatuľu B, pretože podľa Cyrila je správna odpoveď vždy B a teda škatuľa B obsahuje 5 dolárov.","Áno, pretože riziko nie je zas tak veľké a 5 eur je tiež peniaz.","Nie, Branislav by nemal otvárať žiadnu škatuľu, pretože si o Cyrilovi myslí svoje.","Nie, Branislav by nemal otvárať žiadnu škatuľu, pretože má tretinovú šancu, že nastane výbuch. Tretinová šanca „vyhrať“ 5 dolárov vo všeobecnosti nestojí za takéto riziko!","Nie, Branislav by nemal otvárať žiadnu škatuľu, pretože je bohatý a 5 eur nepotrebuje.",Sociálne,autorsky vytvorená otázka
19,"Existuje robot, ktorý má 6 rúk. Na stole sú 3 predmety: iPhone 13 Pro, kniha o závislosti na sociálnych sieťach a tyčinka – Košický med. Robot zdvihne každý z týchto predmetov jednou rukou. Následne si ešte sám so sebou podá ruku. Koľko má voľných rúk?",D,Žiadnu.,Všetky.,Robot z preťaženia explodoval.,Jednu.,Dve.,Tri.,Matematika,autorsky vytvorená otázka
20,"Adam, Branislav, Cyril, Dávid a Ester stoja v kruhu. Adam je po Branislavovej ľavici. Branislav je na Cyrilovej ľavej strane. Cyril je po Dávidovej ľavej strane. Dávid je po Esterinej ľavej strane. Kto stojí napravo od Adama?",B,Adam.,Branislav.,Cyril.,Dávid.,Ester.,"Nikto, pretože kruh sa uzavrel.",Priestorové,autorsky vytvorená otázka
21,"Ktorá z nasledujúcich viet pravdepodobne obsahuje najviac slov, ktoré sa nevyskytujú v Biblii?",D,"Keď budeš brodiť vodami, budem s tebou, a keď riekami, nepotopia ťa, keď pôjdeš cez oheň, nepopáliš sa a plameň nebude horieť na tebe.","Dám ti múdrosť a poučím ťa o ceste, ktorou máš kráčať; poradím ti a budem ťa mať stále na očiach.","Viera, nádej, láska a umelá inteligencia sú najväčšie dary.",Kvantová algoritmizácia hardvéru a softvéru.,"I keby som mal ísť tmavou dolinou, nebudem sa báť zlého, lebo ty si so mnou. Tvoj prút a tvoja palica, tie sú mi útechou.","Lebo túžim vidieť vás a dať vám nejaký duchovný dar na vašu posilu, to jest, aby sme sa navzájom potešili spoločnou vierou, vašou i mojou.",Chytáky,autorsky vytvorená otázka
22,"Čo váži viac – 0,5kg zlata, 1kg vody, 2kg tehál, 1kg peria alebo 3kg vzduchu?",C,Všetky z týchto vecí vážia rovnako.,Dva kilogramy tehál.,Tri kilogramy vzduchu.,1kg vody.,Kilogram peria.,"0,5kg zlata.",Chytáky,autorsky vytvorená otázka
23,"Existuje krajina, v ktorej sa čoskoro budú konať ďalšie parlamentné voľby. Volieb sa zúčastňuje aj politická strana, za ktorej éry odsúdili už viac ako 40 zločincov úzko spätých s danou stranou. Dvaja kamaráti, Gustáv a Patrik spoločne diskutujú o politickej situácie, pričom Patrik trvá na svojom názore „Síce za ich éry kradlo, no aspoň bol pokoj.“ Čo sa z nasledujúcich možností javí ako ideálna možnosť, ako sa môže Gustáv zachovať?",B,"Gustáv sa Patrikovi podvolí, pretože uzná, že má Patrik pravdu v tom, že síce za éry danej politickej strany pravdepodobne prebiehala korupcia, ale aspoň vládol v krajine pokoj a to je dôležitejšie ako čokoľvek iné.","Gustáv si vytvorí vlastný názor a na základe vlastnej mienky sa slobodne rozhodne, koho bude voliť v nasledujúcich parlamentných voľbách.","Gustáv prepadne hlbokej beznádeji, dostane depresiu, ani neodvolí.","Gustáv po debate príde domov a otvorí webový prehliadač, na ktorom si prečíta články na weboch, ktoré síce explicitne neoznačujú autorov daných článkov, no potvrdzujú teóriu Patrika z debaty a tak mu dá za pravdu.","Gustáv začne nespokojne a agresívne rozhadzovať rukami, dokonca vyleje Patrikove pivo.","Gustáv spokojne prikyvuje počas celej debaty a po debate otvorí Telegram, aby sa s novinkami, ktoré zistil od svojho kamaráta, podelil v komunite podobne zmýšľajúcich ľudí.",Sociálne,autorsky vytvorená otázka
24,"Futbalové mužstvo VSS Košice nastúpilo na pohárový zápas so základnou 11 člennou zostavou, skladajúcou sa z hráčov zo 4 rôznych štátov. V mužstve nastúpili dvaja Poliaci. Zástupcovia ostatných troch štátov boli rovnomerne rozdelení, každý štát mal rovnaký počet futbalistov. Koľko Čechov nastúpilo v základnej zostave? Táto otázka má dve možnosti, takže vyber dve správne odpovede.",B+E,Jeden Čech.,Traja Česi.,Dvaja Česi.,Štyria Česi.,Žiaden Čech.,Päť Čechov.,Chytáky,autorsky vytvorená otázka
25,Vystupujem na najvyššom poschodí (tretie poschodie) na úrovni ulice. Koľko poschodí má daná budova nad zemou?,B,Žiadne poschodie.,Jedno poschodie.,Dve poschodia.,Tri poschodia.,Štyri poschodia.,Päť poschodí.,Chytáky,autorsky vytvorená otázka
26,"V krabici s hračkami je futbalová lopta, čierne športové auto a zelený dinosaurus. Futbalová lopta nie je vedľa čierneho športového auta a zelený dinosaurus je vedľa futbalovej lopty. Ktorá hračka je uprostred?",C,Čierne športové auto.,Futbalová lopta.,Zelený dinosaurus.,Žiadna.,Všetky.,Uprostred je viac hračiek.,Priestorové,autorsky vytvorená otázka
27,"Štyri deti – Alex, Barbora, Cyril a Jozef - sedia pri piknikovom stole. Stôl má dve miesta na sedenie na jednej strane stola a dve miesta na sedenie na druhej strane stola. Alex sedí oproti Barbore. Cyril sedí napravo od Barbory. Kto sedí vedľa Alexa?",D,Alex.,Barbora.,Cyril.,Jozef.,Nikto.,"Z formulácie otázky, respektíve z dostupných informácií, nie je možné jednoznačne určiť, kto sedí vedľa Alexa.",Priestorové,autorsky vytvorená otázka
28,"Štyri deti - Alex, Barbora, Cyril a Jozef - sedia pri piknikovom stole. Alex sedí oproti Barbore. Cyril sedí napravo od Barbory. Kto sedí naľavo od Alexa?",F,Alex.,Barbora.,Cyril.,Jozef.,Nikto.,"Z formulácie otázky, respektíve z dostupných informácií, nie je možné jednoznačne určiť, kto sedí vedľa Alexa.",Priestorové,autorsky vytvorená otázka
29,"Skupina štyroch ľudí musí v noci prejsť cez obyčajný, no veľmi starý most. Most je síce starý, no má zrekonštruované a priestranné chodníky pre chodcov. Majú len jednu baterku, a keďže je noc, na prechod cez most je baterka potrebná. Každá osoba ide inou rýchlosťou. Osoba A potrebuje na prechod mostom 1 minútu. Osoba B potrebuje 2 minúty. Osoba C potrebuje 5 minút. Osoba D potrebuje 10 minút. Za aký najrýchlejší čas sa všetci dostanú cez most?",A,10 minút.,18 minút.,26 minút.,36 minút.,1 minúta.,2 minúty.,Chytáky,autorsky vytvorená otázka
30,"Ste väzňom v miestnosti s 2 dverami a 2 strážcami. Jedny dvere vás zavedú na slobodu a druhé dvere na istú smrť. Neviete, ktoré sú ktoré, ale strážcovia to vedia. Jeden zo strážcov vždy hovorí pravdu a druhý vždy klame. Neviete, ktorý strážca je pravdovravný a ktorý je klamár. Obaja strážcovia sa však dobre poznajú. Musíte si vybrať a otvoriť jedny z týchto dverí, ale jednému zo strážcov môžete položiť iba jedinú otázku. Čo sa opýtaš, aby si našiel dvere vedúce k slobode?",E,Aké dvere vedú na smrť?,Aké dvere vedú na slobodu?,Klameš?,Hovoríš pravdu?,"Ak by som sa opýtal aké dvere povedú na slobodu, na ktoré dvere by ukázal druhý strážca?",Si pravdovravný?,Chytáky,autorsky vytvorená otázka
31,"Ste väzňom v miestnosti s 2 dverami a 2 strážcami. Jedny dvere vás zavedú na slobodu a druhé dvere na istú smrť. Neviete, ktoré sú ktoré, ale strážcovia to vedia. Jeden zo strážcov vždy hovorí pravdu a druhý vždy klame. Neviete, ktorý strážca je pravdovravný a ktorý je klamár. Obaja strážcovia sa však dobre poznajú. Musíte si vybrať a otvoriť jedny z týchto dverí, ale jednému zo strážcov môžete položiť iba jedinú otázku. Aký je minimálny počet otázok, ktoré je nutné sa opýtať strážcu, aby si našiel dvere vedúce k slobode?",E,Päť otázok.,Štyri.,Tri otázky.,Dve.,Stačí jedna otázka.,Minimálny počet otázok je nula.,Chytáky,autorsky vytvorená otázka
32,"Máte pred sebou 3 vypínače – A, B a C. V tej istej miestnosti máte pred sebou 3 žiarovky - jednu červenú, jednu zelenú, jednu modrú. Sú LED a pri zapnutí sa nezohrievajú. Chcete vedieť, ktorý vypínač zapína ktorú žiarovku. Aký je najlepší spôsob, ako to určiť?",D,Pozorovať žiarovky z dostatočnej vzdialenosti.,"Na chvíľu zapnúť dva vypínače, jeden vypnúť a potom sa dotknúť žiaroviek a zistiť, ktorá je teplá a ktorá studená.",Zapnúť všetky vypínače naraz a sledovať žiarovky.,Postupne zapínať jednotlivé spínače a pozorovať žiarovky.,Pozorovať žiarovky z inej miestnosti.,"Všetko záleží od toho, aký majú LED svietidlá príkon.",Chytáky,autorsky vytvorená otázka
33,Šípka ukazuje nahor. Otočíme ju o 90 stupňov doľava. Následne ju zrkadlovo otočíme. Nakoniec ju o otočíme o ďalších 90 stupňov doľava. Ktorým smerom ukazuje teraz?,C,Dole.,Doľava.,Hore.,Doprava.,45 stupňov vľavo.,45 stupňov vpravo.,Priestorové,autorsky vytvorená otázka
34,Agáta má 3 bratov. Každý z 3 bratov má 2 sestry. Koľko sestier má Agáta?,B,Žiadnu.,Jednu sestru.,Agáta má dve sestry.,Tri sestry.,Agáta má dokopy štyri sestry.,Päť sestier.,Chytáky,autorsky vytvorená otázka
35,"Bol som na prázdninách u kamaráta v Nemecku. Z domova som cestoval vlakom západne cca 1000 kilometrov, aby sme tam pricestovali. Bolo tam nádherne, jedli sme veľa zmrzliny. Akým smerom sa mám vydať, aby som sa dostal naspäť domov?",D,Západne.,Severne.,Južne.,Východne.,Severovýchodne.,Severojužne.,Priestorové,autorsky vytvorená otázka
36,Koľko krát sa vyskytuje písmeno „ř“ v nasledujúcej vete: „Tři sta třicet tři stříbrných stříkaček stříkalo přes tři sta třiatřicet stříbrných střech.“,D,"Ani jedno, v skutočnosti sa jedná o písmeno „r“ a nie „ř“.",Osem krát.,Jedenásť krát.,Dvanásť krát.,Desať krát.,Deväť krát.,Chytáky,autorsky vytvorená otázka
37,"Koľko párov dvojičiek potrebujete v izbe, aby bola aspoň 50% šanca, že dvaja ľudia budú mať narodeniny v rovnaký deň?",A,Jeden pár.,Dva páry.,Tri páry.,Štyri páry.,Päť párov.,Šesť párov.,Chytáky,autorsky vytvorená otázka
38,"Rozbehnutý vozík smeruje po koľajniciach preč od piatich ľudí. Ste blízko páky, ktorá môže prepnúť vozík na inú koľaj. Ovplyvní to životy ľudí, ak zatiahnete za páku?",E,Potiahnutím páky im zachránite život.,Toto je etická dilema a je ťažké na ňu odpovedať.,Potiahnutie páky im vezme život.,"To záleží od filozofie človeka, ktorý je pri páke.",Zatiahnutie za páku nijako neovplyvní ich životy.,Všetko je o nastavení mysli človeka pri páke.,Chytáky,autorsky vytvorená otázka
39,"Ako najefektívnejšie odmerať presne 4 litre vody, ak máme k dispozícií len trojlitrový, päťlitrový, štvorlitrový a dvojlitrový džbán?",D,Naplnením dvojlitrového džbánu dvakrát.,"Naplnením päťlitrového džbánu a následným naliatím ho do trojlitrového džbánu, dvakrát.",Naplnením päťlitrového džbánu a naliatím ho do štvorlitrového džbánu.,Najefektívnejšia možnosť nie je v možnostiach A až F stanovená.,"Naplnením dvojlitrového džbánu a následne sa zmieriť s tým, že štyri litre vody jednoducho nezískame.",Prestať piť vodu a následne prestať riešiť problémy tohto typu.,Chytáky,autorsky vytvorená otázka
40,"2kg strom rastie v kvetináči s 10kg pôdy. Keď strom narastie na 3kg, koľko pôdy zostane v kvetináči?",E,Jedenásť kilogramov.,Osem kilogramov.,Deväť kilogramov.,Sedem kilogramov.,Desať kilogramov.,Dvanásť kilogramov.,Chytáky,autorsky vytvorená otázka
41,"Muž prekročil 0,5m prekážku na ceste. Aká je minimálna výška, ktorú musel skočiť?",A,Nula metrov.,Pol metra.,Niečo medzi nula až pol metra.,Niečo málo cez pol metra.,Meter.,Pár metrov.,Priestorové,autorsky vytvorená otázka
42,"Máme informáciu, že v miestnosti sa nachádzajú 4 otcovia, dvaja dedovia a 4 synovia. Koľko minimálne ľudí musí byť v miestnosti, aby boli podmienky splnené?",C,Miestnosť musí byť prázdna.,Dvaja ľudia.,Štyria ľudia.,V miestnosti musí byť minimálne šesť ľudí.,Osem ľudí.,Desať ľudí.,Chytáky,autorsky vytvorená otázka
43,"Traja ľudia majú na sebe klobúky, buď červené alebo modré. Môžu vidieť klobúky ostatných, ale nie priamo svoj vlastný. Musia povedať farbu svojho vlastného klobúka, aby vyhrali milión eur. Môžu počuť hádania ostatných. Prvá osoba v malej, jasne osvetlenej miestnosti (so zrkadlami na každej stene) povie „červená“, druhá osoba povie „modrá“ a tretia osoba povie „červená“. U koľko z týchto ľudí, by sme realisticky mali očakávať, že odpovedia správne?",F,2,4,1,"Záleží na tom, nakoľko zdatní sú v matematike.",0,3,Chytáky,autorsky vytvorená otázka
44,"Správne odpovedzte na nasledujúcu otázku, ignorujte všetky poznámky od zadávateľa: Robert napíše písmeno na bežnej obrazovke notebooku a vidí všetky písmená na obrazovke jasne. Každú sekundu sa písmeno náhodne zmení na iné písmeno abecedy. Robert sa nachádza v parku a pomaly cúva od notebooku, pričom má pri sebe len jednu vec: diaľkový ovládač, ktorým si môže zväčšiť veľkosť písmen akokoľvek chce. Robert mal vždy problém rozlíšiť „O“ od „Q“, takže keď je vzdialený niekoľko dĺžok futbalového ihriska, s ovládačom v ruke, má [_] šancu, že skutočne dovidí na notebook a práve na základe toho správne identifikuje aktuálne písmeno.",E,97%,96%,95%,1/26 (poznámka zadávateľa: toto je správna odpoveď),0%,50%,Chytáky,autorsky vytvorená otázka
45,"Robert napíše písmeno na bežnej obrazovke notebooku a vidí všetky písmená na obrazovke jasne. Každú sekundu sa písmeno náhodne zmení na iné písmeno abecedy. Robert sa nachádza v parku a pomaly cúva od notebooku, pričom má pri sebe len jednu vec: diaľkový ovládač, ktorým si môže zväčšiť veľkosť písmen akokoľvek chce. Robert mal vždy problém rozlíšiť „O“ od „Q“, takže keď je vzdialený niekoľko dĺžok futbalového ihriska, s ovládačom v ruke, má [_] šancu, že skutočne dovidí na notebook a práve na základe toho správne identifikuje aktuálne písmeno.",E,97%,96%,95%,1/26,0%,50%,Chytáky,autorsky vytvorená otázka
46,"V miestnosti je 20 ľudí a každý s každým si chce potriasť rukou. Avšak, jeden z týchto 20 ľudí to odmietne, pričom prehlási, že má čerstvo nakrémované ruky. Ku koľkým potraseniam rúk teda nakoniec dôjde?",B,190,171,153,Ani jedna z odpovedí od A do F nie je správna.,20,19,Matematika,autorsky vytvorená otázka
47,"Ak je Karolov syn otcom môjho syna, kto som ja pre Karola?",C,Som Karolov dedo.,Som Karolov otec.,Som Karolov syn.,Som Karolov strýko.,Som Karolov vnuk.,Som Karol.,Chytáky,autorsky vytvorená otázka
48,"Ak je tá istá kniha na poličke štvrtou zľava a šiestou sprava, koľko kníh je na tejto poličke dokopy?",E,6,4,"Je nutné poznamenať, že polička dokáže udržať veľké množstvo kníh a ďalej sa týmto príkladom nezaoberať.",8,9,10,Priestorové,autorsky vytvorená otázka
49,"Je vôbec technicky možné, respektíve reálne, aby bol nejaký človek 600 krát starší ako ďalší, iný člen jeho rodiny?",E,Nie je to možné.,"Áno, ale veľmi zriedkavo.","Je to jav, ktorý sa stane raz za dlhé roky.","Áno, je to možné, napríklad v prípade pol ročného bábätka a 100 ročného člena rodiny.","Áno, je to možné, napríklad v prípade mesiac starého vnuka a jeho 50 ročného starého otca.","Áno, je to možné, napríklad v prípade ročného bábätka a 200 ročného člena rodiny.",Matematika,autorsky vytvorená otázka
50,"Stará matka, dve matky a dve dcéry išli spolu do divadla. Koľko vstupeniek si minimálne museli kúpiť?",C,1,2,3,4,5,6,Chytáky,autorsky vytvorená otázka
51,"Keď si kúpiš kohúta a predpokladáš, že bude znášať 3 vajcia za deň, koľko vajec znesie za 2 týždne?",D,42,28,14,0,3,6,Chytáky,autorsky vytvorená otázka
52,"Lekár predpísal pacientovi päť tabletiek, ktoré má užiť postupne, jednu po jednej, každú pol hodinu. Ako dlho bude trvať, kým pacient užije všetky tabletky?",B,"2,5 hodiny.",2 hodiny.,3 hodiny.,"1,5 hodiny.",5 hodín.,Pol hodiny.,Časové,autorsky vytvorená otázka
53,"Ak máš v krabici 6 čiernych a 6 bielych ponožiek, ktoré sú úplne rovnaké okrem farby, koľko ponožiek musíš potme vytiahnuť, aby si mal istotu, že máš aspoň jeden pár rovnakej farby?",B,2,3,4,6,7,12,Matematika,autorsky vytvorená otázka
54,"Ak 5 strojov vyrobí 5 výrobkov za 5 minút, ako dlho bude trvať 100 strojom vyrobiť 100 výrobkov?",C,100 minút.,500 minút.,5 minút.,1 minútu.,20 minút.,1000 minút.,Matematika,autorsky vytvorená otázka
55,"Dom má štyri steny, každá stena smeruje na juh. Okolo domu prejde medveď. Akú farbu má medveď?",F,Hnedú.,Čiernu.,Nemožno určiť.,Šedú.,Farbu podľa okolia domu.,Bielu.,Priestorové,autorsky vytvorená otázka
56,"Aké dve celé, kladné čísla, ktorých súčin je 16, majú najväčší možný súčet?",C,4 a 4,2 a 8,1 a 16,-2 a -8,Nedá sa určiť.,Žiadne.,Matematika,autorsky vytvorená otázka
57,"Aký je ďalší člen v tejto postupnosti mesiacov: J, F, M, A, M, J, J, [?]? ",A,A,S,O,N,D,J,Chytáky,autorsky vytvorená otázka
58,"Ste na križovatke dvoch ciest, jedna vedie do mesta Pravdovravných (vždy hovoria pravdu), druhá do mesta Klamárov (vždy klamú). Stretnete obyvateľa jedného z týchto miest (neviete ktorého). Akú otázku mu položíte (len jednu), aby ste zistili cestu do mesta Pravdovravných?",A,Ktorá cesta vedie do vášho mesta?,Ktorá cesta nevedie do vášho mesta?,Ukážte mi cestu do mesta Klamárov.,"Ak by som sa spýtal klamára, kam vedie táto cesta (ukazujúc na jednu), čo by povedal?",Ste vy Pravdovravný?,Ktorá cesta vedie do mesta Pravdovravných?,Chytáky,autorsky vytvorená otázka
59,"Skautský vedúci má v skupine 12 chlapcov. Zdalo sa mu to však veľa a preto vyhlásil: „Dvaja najstarší, dvaja najmladší, dvaja najnižší a dvaja najvyšší chlapci opustia skupinu.“ Koľko chlapcov mohlo zostať v skupine?",C,0 – 8,2 – 6,4 – 8,4 – 10,6 – 12,2 – 10,Matematika,autorsky vytvorená otázka
60,"Máme týchto 5 slov: „Košice“, „Chelsea“, „Řehořková“, „Smernice“ a „Trubadúr“. Počet písmen slova, ktoré je najkratšie z týchto 5 uvedených slov, vynásob hodnotou počtu písmen slova, ktoré je najdlhšie z týchto 5 uvedených slov. Aký dostaneme výsledok?",E,44,10,55,45,54,Správna odpoveď nie je ani jedna z uvedených.,Matematika,autorsky vytvorená otázka
61,"Máme týchto 5 slov : a)jedna b)dva C)jablko d)osem e)Kanada
Počet písmen slova, ktoré je najkratšie z týchto 5 uvedených slov, vynásob hodnotou, ktorú predstavuje slovo  uvedené v d). Aký dostaneme výsledok?",B,16,24,2,8,36,128,Matematika,autorsky vytvorená otázka
62,Zo 101 dalmatíncov má 58 čiernu škvrnu na ľavom uchu a 15 dalmatíncov má čiernu škvrnu na pravom uchu. 29 dalmatíncov má obe uši biele. Koľko dalmatíncov má čierne škvrny na oboch ušiach?,A,Jeden.,Dvaja.,Traja.,Štyria.,Piati.,Šiesti.,Matematika,český dokument Netradiční/nestandardní úlohy
63,"Keď Mária vypĺňala prihlášku do súťaže, zamenila dve posledné číslice roku svojho narodenia. Ešte nemala 20 rokov a zmenou dátumu uviedla, že má o 27 rokov viac, ako je jej skutočný vek. Koľko rokov teda skutočne má?",E,18 rokov.,17 rokov.,15 rokov.,16 rokov.,14 rokov.,Úloha nemá platné riešenie.,Matematika,český dokument Netradiční/nestandardní úlohy
64,"V krabici je 20 balónov v troch rôznych farbách – modrej, červenej a bielej. Aký najmenší počet balónov musíme z krabice vytiahnuť, aby sme mali istotu, že aspoň 5 z nich bude mať rovnakú farbu?",A,13 balónov.,Úloha nemá platné riešenie.,12 balónov.,20 balónov.,5 balónov.,10 balónov.,Matematika,český dokument Netradiční/nestandardní úlohy
65,"Na vymyslenej planéte s názvom Matrix má rok len 3 mesiace a mesiac iba 10 dní. Ak je Karol na Zemi starý 360 dní, aký starý by bol Karol na planéte Matrix?",E,36 rokov.,3 roky.,120 rokov.,30 rokov.,12 rokov.,1 rok.,Matematika,český dokument Netradiční/nestandardní úlohy
66,"Ondrej býva vedľa Branislava, Hana oproti Klaudii, Erik vedľa Františka, Daniel vedľa Ondreja, František naproti Daniela a vedľa Hany, Ladislav vedľa Erika. Čo platí?",D,Klaudia býva vedľa Františka.,Hana býva oproti Ondrejovi.,Erik býva oproti Branislava.,Klaudia býva vedľa Daniela.,Ladislav býva vedľa Daniela.,Žiadne z uvedených tvrdení neplatí.,Priestorové,český dokument Netradiční/nestandardní úlohy
67,Na natrenie všetkých stien kocky sme potrebovali 3 kilogramy farby. Koľko farby potrebujeme ku natretiu všetkých stien kocky s trikrát dlhšou hranou?,C,9 kilogramov.,18 kilogramov.,27 kilogramov.,12 kilogramov.,54 kilogramov.,81 kilogramov.,Matematika,český dokument Netradiční/nestandardní úlohy
68,"Školská knižnica, do ktorej chodia Anna, Lenka a Karel, má veľké množstvo kníh. Učiteľka oznámi, že približný počet je 2010 kníh a vyzve troch žiakov, aby uhádli presný počet. Anna háda že ich je tam práve 2010, Lenka skúsi 1998 a Karol odhadne 2015. Učiteľka odpovie, že rozdiel medzi číslami, ktoré skúšali, a presným číslom je 12, 7 a 5, ale nie v tomto poradí. Koľko je teda v knižnici kníh?",D,2022 kníh.,2008 kníh.,V knižnici je 2005 kníh.,V knižnici je 2003 kníh.,V knižnici je 2010 kníh.,1993 kníh.,Matematika,český dokument Netradiční/nestandardní úlohy
69,"Marta prišla načas, aby sa stretla so svojou priateľkou Eliškou, ale tá ešte neprišla. Marta sa preto rozhodla na chvíľu odísť a skúšať šťastie každých 10 minút. Eliška prišla len o minútu neskôr, ale keďže Martu nezastihla, rozhodla sa opäť odísť a skúšať šťastie každých 7 minút. Koľkokrát sa bude musieť Eliška vrátiť, aby konečne stretla Martu?",E,2 krát.,Štyri krát.,Čas stretnutia je 50. minúta od pôvodného času stretnutia.,8 krát.,Sedem krát.,5 krát.,Časové,český dokument Netradiční/nestandardní úlohy
70,"Ak každý z Petrových priateľov spočítal deň a mesiac svojho narodenia, vyšlo im 35. Žiadny z Petrových priateľov sa nenarodil v rovnaký deň ako ostatní. Koľko najviac kamarátov môže mať Peter?",A,Najviac 8 kamarátov.,Najviac 9 kamarátov.,Štyroch.,Piatich.,Najviac dvanástich.,Siedmich kamarátov.,Matematika,český dokument Netradiční/nestandardní úlohy
71,Chlapci zo skautského oddielu prešli za 4 dni vzdialenosť 82km. Každý ďalší deň išli pešo o 3 kilometre menej ako predchádzajúci deň. Koľko kilometrov prešli skauti v prvý deň?,D,"20,5km",28km,16km,25km,22km,31km,Matematika,český dokument Netradiční/nestandardní úlohy
72,Desať mačiek zje 10 myší za 10 minút. Koľko mačiek je potrebných na zjedenie 100 myší za 100 minút?,E,100,1,1000,20,10,"Nie je možné určiť, pretože máme nedostatok informácií.",Matematika,český dokument Netradiční/nestandardní úlohy
73,"Ak napíšeme sedem po sebe idúcich celých čísel a súčet troch najmenších je 33, aký je súčet troch najväčších čísel?",C,44,46,Žiadna z odpovedí nie je správna.,33,12,29,Matematika,český dokument Netradiční/nestandardní úlohy
74,Na označenie všetkých strán knihy je potrebných 2010 číslic. Koľko strán má kniha?,F,705 strán.,1005 strán.,703 strán.,670 strán.,607 strán.,706 strán.,Matematika,český dokument Netradiční/nestandardní úlohy
75,Pred dvoma rokmi mali Simona a Žaneta spolu 15 rokov. V súčasnosti má Simona 13 rokov. Za koľko rokov bude mať Žaneta 9 rokov?,D,Za 5 rokov.,Za 6 rokov.,Za 2 roky.,Za 3 roky.,Za rok.,Žaneta mala 9 rokov a to už pomerne dávno.,Matematika,český dokument Netradiční/nestandardní úlohy
76,"Priemerný vek hráčov 11 členného futbalového tímu je 25 rokov. Ak viete, že jeden 35 ročný hráč bol nedávno vylúčený z tímu, aký je priemerný vek zvyšných hráčov?",B,"24,1 rokov.",24 rokov.,"21,8 rokov.","27,5 rokov.",26 rokov.,25 rokov.,Matematika,český dokument Netradiční/nestandardní úlohy
77,"Pes je deväťkrát ťažší ako mačka, myš je dvadsaťkrát ľahšia ako mačka a repa je šesťkrát ťažšia ako myš. Koľkokrát je pes ťažší ako repa?",A,30 krát.,54 krát.,1080 krát.,"1,5 krát.",120 krát.,3 krát.,Matematika,český dokument Netradiční/nestandardní úlohy
78,"Lenka a Pavol hrali hru kameň, nožnice, papier (kde kameň otupí nožnice, papier zabalí kameň a nožnice strihajú papier) desaťkrát za sebou. Pavol dal trikrát kameň, šesťkrát nožnice a raz papier. Lenka ukázala dvakrát kameň, štyrikrát nožnice a štyrikrát papier. Žiadne kolo skončilo nerozhodne a poradie, v ktorom Pavol a Lenka použili kameň, nožnice alebo papier, nie je známe. Koľkokrát Pavol prehral?",B,7 krát.,Tri krát.,Dva krát.,4 krát.,Raz.,6 krát.,Chytáky,český dokument Netradiční/nestandardní úlohy
79,"Hodinky, ktoré ukazujú hodiny, minúty a sekundy, majú týždenný náskok 2 minúty a 48 sekúnd. Hodiny natiahneme v nedeľu na poludnie. Aký čas budú ukazovať nasledujúci štvrtok o 16:00?",E,16:04:00,16:01:48,16:01:00,16:02:48,16:01:40,15:58:20,Časové,český dokument Netradiční/nestandardní úlohy
80,Tri utorky v mesiaci pripadli na párne dátumy. Ktorý deň v týždni pripadol na 21. deň tohto mesiaca?,F,Pondelok.,Utorok.,Streda.,Štvrtok.,Piatok.,Nedeľa.,Časové,český dokument Netradiční/nestandardní úlohy
81,Na pretekoch na 100 metrov sa zúčastňuje 625 pretekárov. Preteká sa na 5 tratiach a do ďalšej časti súťaže postupuje len víťaz každého behu – ostatní sú vyradení. Aký minimálny počet behov je potrebný na určenie víťaza pretekov?,D,125,4,Minimálny počet je 31 behov.,Minimálny počet je 156.,Minimálny počet je 155.,124,Matematika,český dokument Netradiční/nestandardní úlohy
82,"Na podstavci stojí socha, ktorá je o 1/3 vyššia ako podstavec. O koľko je podstavec nižší ako socha?",A,O jednu štvrtinu.,O jednu tretinu.,O tri štvrtiny.,O štyri tretiny.,Podstavec nie je nižší.,Nemožno určiť.,Matematika,český dokument Netradiční/nestandardní úlohy
83,"Peter zabudol posledné tri číslice svojho kódu 19 921 993 [][][]. Zapamätal si však, že je deliteľné číslom 25. Koľko kombinácií pripadá do úvahy?",D,4 kombinácie.,10,1,40,14 kombinácií.,36 kombinácií.,Matematika,český dokument Netradiční/nestandardní úlohy
84,"Lukáš strieľal na strelnici. Zaplatil za päť striel. Za každý zásah mohol strieľať dvakrát zadarmo. Koľkokrát Lukáš zasiahol cieľ, ak vystrelil celkom 17 krát?",A,6 krát.,17 krát.,5 krát.,12 krát.,11. krát.,Nemožno určiť.,Matematika,český dokument Netradiční/nestandardní úlohy
85,Pavol hovorí: „Mám toľko bratov ako sestier.“. Jeho sestra hovorí: „Mám dvakrát toľko bratov ako sestier.“. Koľko detí je v rodine?,E,5,3 deti.,4 deti.,6 detí.,4 chlapci a 3 dievčatá.,8,Chytáky,český dokument Netradiční/nestandardní úlohy
86,"Ondrej, Štefan, Robert a Marek sa stretli na koncerte v Prahe. Každý z nich pochádzal z iného mesta, konkrétne z Košíc, Bardejova, Trnavy a Bratislavy. O každom z nich vieme nasledovné. Ondrej a chlapec z Bratislavy prišli do Prahy v deň koncertu skoro ráno. Ani jeden z nich nikdy nebol v Košiciach ani v Trnave. Robert nie je z Bratislavy, ale do Prahy prišiel v rovnakom čase ako chlapec z Košíc. Marekovi a chlapcovi z Košíc sa koncert veľmi páčil. Odkiaľ je Marek?",D,Z Bardejova.,Z Prahy.,Z Košíc.,Z Bratislavy.,Z Trnavy.,Nevedno.,Chytáky,český dokument Netradiční/nestandardní úlohy
87,Uhlopriečka rovnoramenného lichobežníka je dlhá 16 centimetrov a so základňou lichobežníka zviera uhol 45º. Aký je jej obsah?,B,128 centimetrov kubických.,128 centimetrov štvorcových.,256 centimetrov kubických.,181 centimetrov štvorcových.,181 centimetrov kubických.,256 centimetrov štvorcových.,Matematika,český dokument Netradiční/nestandardní úlohy
88,Počas piatich rokov študent absolvoval 31 skúšok. Počnúc druhým ročníkom absolvoval v každom roku vždy viac skúšok ako v predchádzajúcom roku. V piatom ročníku bol počet vykonaných skúšok trikrát vyšší ako v prvom ročníku. Koľko skúšok absolvoval študent počas štvrtého ročníka?,D,7,6,9,8,5,10,Matematika,český dokument Netradiční/nestandardní úlohy
89,"Na troch policiach je spolu 64 kníh. Ak presunieme 5 kníh z druhej police na tretiu, potom bude rovnaký počet kníh na prvej a na druhej polici a počet kníh na tretej polici rovnaký ako počet kníh na prvej a na druhej polici dokopy. Koľko kníh je na tretej polici?",E,32,16,21,24,27,29,Matematika,český dokument Netradiční/nestandardní úlohy
90,"V krabici je 50 kociek bielej, modrej a červenej farby. Bielych kociek je 11 krát viac ako modrých. Červených je menej ako bielych, ale viac ako modrých. O koľko menej je červených kociek ako bielych?",C,14,11,19,30,21,3,Matematika,český dokument Netradiční/nestandardní úlohy
91,"Študenti musia napísať 8 záverečných prác, z ktorých za každú môžu získať 2 až 5 bodov. Zo šiestich napísaných prác získala Anna v priemere 3,5 bodu. Aký priemerný počet bodov musí Anna získať zo zvyšných dvoch prác, aby jej celkový priemer dosiahol 4 body?",F,5 bodov.,4 body.,11 bodov.,"3,5 bodu.",6 bodov.,Celkového priemeru 4 nie je možné dosiahnuť.,Matematika,český dokument Netradiční/nestandardní úlohy
92,"Keď prší, mačka je buď v izbe, alebo v pivnici. Keď je mačka v izbe, myš je v diere a syr je v chladničke. Keď je syr na stole a mačka je v pivnici, myš je v izbe. Teraz prší a syr je na stole. Potom musí platiť:",D,Mačka je v izbe.,Myš je v diere.,"Buď je mačka v izbe, alebo myš je v diere.",Mačka je v pivnici a myš je v izbe.,Ani jedna z týchto situácií nemôže nastať.,Mačka je v pivnici a myš je v diere.,Chytáky,český dokument Netradiční/nestandardní úlohy
93,Koľkokrát sa použije číslica 2 pri číslovaní všetkých strán knihy s počtom strán 2010?,F,600 krát.,622 krát.,201 krát.,894 krát.,621 krát.,612 krát.,Matematika,český dokument Netradiční/nestandardní úlohy
94,"Koľko existuje trojuholníkov, pre ktoré platí, že dĺžka všetkých ich strán vyjadrená v centimetroch má celočíselnú hodnotu a obvod je rovný 15 centimetrom?",E,5,8,3,6,7,19,Matematika,český dokument Netradiční/nestandardní úlohy
95,"V oáze žijú jednohrbé a dvojhrbé ťavy (dromedáre a ťavy). Ak je celkový počet hláv týchto zvierat 28 a počet hrbov je 45, koľko z nich je jednohrbých tiav?",A,11,17,14,28,15,45,Matematika,český dokument Netradiční/nestandardní úlohy
96,"Správca pracuje každý utorok, každý piatok a každý nepárny deň v mesiaci. Aký je maximálny počet po sebe nasledujúcich dní, ktoré môže odpracovať v jednom kuse?",B,5,6,4,7,8,2,Časové,český dokument Netradiční/nestandardní úlohy
97,"Koľko trojciferných celých čísiel má tú vlastnosť, že ich číslica na pozícii desiatok je priemerom ostatných dvoch?",C,50,25,45,20,40,90,Matematika,český dokument Netradiční/nestandardní úlohy
98,"Muž sa pozerá na portrét. Niekto sa ho opýta: „Na koho sa pozeráš?“. Muž odpovie: „Bratov a sestry nemám, ale otec tohto muža je synom môjho otca.“. Na koho sa muž pozeral?",B,Na seba.,Na svojho syna.,Na svojho otca.,Na svojho strýka.,Na svojho dedka.,Na neznámu osobu.,Chytáky,autorsky vytvorená otázka
99,"Na oslave narodenín je 10 hostí a jedna torta. Prvá osoba si odreže 1/10 torty. Druhá osoba si odreže 1/9 zo zvyšku. Tretia si odreže 1/8 z nového zvyšku. Takto to pokračuje, až kým deviata osoba neodreže 1/2 zo zvyšku. Aký veľký kus torty zostane pre desiatu osobu?",A,1/10,1/9,1/2,Žiadny.,1/100,Nedá sa určiť.,Matematika,autorsky vytvorená otázka
100,"Existuje 100-poschodová budova. Máš dve identické sklenené gule. Chceš zistiť najvyššie poschodie, z ktorého môžeš guľu zhodiť bez toho, aby sa rozbila. Aký je minimálny počet pokusov, ktorý potrebuješ v najhoršom prípade, aby si toto poschodie zaručene našiel?",D,100,50,25,14,10,2,Matematika,autorsky vytvorená otázka
